question,answer
What is topic number 1?,"Topic number 1 refers to the detailed explanation about subject 1, including key points and examples."
What is topic number 2?,"Topic number 2 refers to the detailed explanation about subject 2, including key points and examples."
What is topic number 3?,"Topic number 3 refers to the detailed explanation about subject 3, including key points and examples."
What is topic number 4?,"Topic number 4 refers to the detailed explanation about subject 4, including key points and examples."
What is topic number 5?,"Topic number 5 refers to the detailed explanation about subject 5, including key points and examples."
What is topic number 6?,"Topic number 6 refers to the detailed explanation about subject 6, including key points and examples."
What is topic number 7?,"Topic number 7 refers to the detailed explanation about subject 7, including key points and examples."
What is topic number 8?,"Topic number 8 refers to the detailed explanation about subject 8, including key points and examples."
What is topic number 9?,"Topic number 9 refers to the detailed explanation about subject 9, including key points and examples."
What is topic number 10?,"Topic number 10 refers to the detailed explanation about subject 10, including key points and examples."
What is topic number 11?,"Topic number 11 refers to the detailed explanation about subject 11, including key points and examples."
What is topic number 12?,"Topic number 12 refers to the detailed explanation about subject 12, including key points and examples."
What is topic number 13?,"Topic number 13 refers to the detailed explanation about subject 13, including key points and examples."
What is topic number 14?,"Topic number 14 refers to the detailed explanation about subject 14, including key points and examples."
What is topic number 15?,"Topic number 15 refers to the detailed explanation about subject 15, including key points and examples."
What is topic number 16?,"Topic number 16 refers to the detailed explanation about subject 16, including key points and examples."
What is topic number 17?,"Topic number 17 refers to the detailed explanation about subject 17, including key points and examples."
What is topic number 18?,"Topic number 18 refers to the detailed explanation about subject 18, including key points and examples."
What is topic number 19?,"Topic number 19 refers to the detailed explanation about subject 19, including key points and examples."
What is topic number 20?,"Topic number 20 refers to the detailed explanation about subject 20, including key points and examples."
What is topic number 21?,"Topic number 21 refers to the detailed explanation about subject 21, including key points and examples."
What is topic number 22?,"Topic number 22 refers to the detailed explanation about subject 22, including key points and examples."
What is topic number 23?,"Topic number 23 refers to the detailed explanation about subject 23, including key points and examples."
What is topic number 24?,"Topic number 24 refers to the detailed explanation about subject 24, including key points and examples."
What is topic number 25?,"Topic number 25 refers to the detailed explanation about subject 25, including key points and examples."
What is topic number 26?,"Topic number 26 refers to the detailed explanation about subject 26, including key points and examples."
What is topic number 27?,"Topic number 27 refers to the detailed explanation about subject 27, including key points and examples."
What is topic number 28?,"Topic number 28 refers to the detailed explanation about subject 28, including key points and examples."
What is topic number 29?,"Topic number 29 refers to the detailed explanation about subject 29, including key points and examples."
What is topic number 30?,"Topic number 30 refers to the detailed explanation about subject 30, including key points and examples."
What is topic number 31?,"Topic number 31 refers to the detailed explanation about subject 31, including key points and examples."
What is topic number 32?,"Topic number 32 refers to the detailed explanation about subject 32, including key points and examples."
What is topic number 33?,"Topic number 33 refers to the detailed explanation about subject 33, including key points and examples."
What is topic number 34?,"Topic number 34 refers to the detailed explanation about subject 34, including key points and examples."
What is topic number 35?,"Topic number 35 refers to the detailed explanation about subject 35, including key points and examples."
What is topic number 36?,"Topic number 36 refers to the detailed explanation about subject 36, including key points and examples."
What is topic number 37?,"Topic number 37 refers to the detailed explanation about subject 37, including key points and examples."
What is topic number 38?,"Topic number 38 refers to the detailed explanation about subject 38, including key points and examples."
What is topic number 39?,"Topic number 39 refers to the detailed explanation about subject 39, including key points and examples."
What is topic number 40?,"Topic number 40 refers to the detailed explanation about subject 40, including key points and examples."
What is topic number 41?,"Topic number 41 refers to the detailed explanation about subject 41, including key points and examples."
What is topic number 42?,"Topic number 42 refers to the detailed explanation about subject 42, including key points and examples."
What is topic number 43?,"Topic number 43 refers to the detailed explanation about subject 43, including key points and examples."
What is topic number 44?,"Topic number 44 refers to the detailed explanation about subject 44, including key points and examples."
What is topic number 45?,"Topic number 45 refers to the detailed explanation about subject 45, including key points and examples."
What is topic number 46?,"Topic number 46 refers to the detailed explanation about subject 46, including key points and examples."
What is topic number 47?,"Topic number 47 refers to the detailed explanation about subject 47, including key points and examples."
What is topic number 48?,"Topic number 48 refers to the detailed explanation about subject 48, including key points and examples."
What is topic number 49?,"Topic number 49 refers to the detailed explanation about subject 49, including key points and examples."
What is topic number 50?,"Topic number 50 refers to the detailed explanation about subject 50, including key points and examples."
What is topic number 51?,"Topic number 51 refers to the detailed explanation about subject 51, including key points and examples."
What is topic number 52?,"Topic number 52 refers to the detailed explanation about subject 52, including key points and examples."